{
    "accuracy": 0.29910714285714285,
    "loss": 4.468500818525042
}