{
    "accuracy": 0.5327380952380952,
    "loss": 1.2523695911679948
}