{
    "accuracy": 0.8898809523809524,
    "loss": 0.8625217505863735
}