{
    "accuracy": 0.880952380952381,
    "loss": 0.8772042393684387
}