{
    "accuracy": 0.9270833333333333,
    "loss": 0.32796959791864666
}