{
    "accuracy": 0.8802083333333334,
    "loss": 0.33215852454304695
}