{
    "accuracy": 0.9270833333333333,
    "loss": 0.33058779154505047
}